42090999,DIRECCION DIVISIONAL NORTE,DIRECCION DIVISIONAL NORTE,DIRECCION DIVISIONAL NORTE,AFORE,GUADALAJARA," Av. Chapultepec Norte no. 15, PB, pisos 12-14 y 22B, col. Ladrón de Guevara, CP 44600, Guadalajara Jalisco."
41090999,DIRECCION DIVISIONAL SUR,DIRECCION DIVISIONAL SUR,DIRECCION DIVISIONAL SUR,AFORE,HAMBURGO,"Hamburgo #206 Piso 3 er piso Col. Juárez, Delegación Cuauhtemoc, C.P. 06600, México, Distrito Federal. "
46011750,VENTAS INSTITUCIONALES,DIRECCION MERCADOTECNIA Y VALOR AL CLIENTE,DIRECCION MERCADOTECNIA Y VALOR AL CLIENTE,AFORE,SAN ANGEL,"AV. INSURGENTES SUR No. 2047 LOCAL J, I  P.B. COL. SAN ANGEL INN, DELEG. ÁLVARO OBREGÓN C.P. 01000 MÉX, D.F."
46008200,CUENTAS PREMIER,DIRECCION REGIONAL DE NEGOCIOS DE GOBIERNO Y PENSIONES,DIRECCION REGIONAL DE NEGOCIOS DE GOBIERNO Y PENSIONES,FONDOS,SALINILLAS,"Presa Salinillas # 370 piso 9, col. Irrigación, CP 11500, del. Miguel Hidalgo, México D.F. "
10010111,CUENTAS PATRIMONIALES,DIRECCION REGIONAL DE NEGOCIOS DE GOBIERNO Y PENSIONES,DIRECCION REGIONAL DE NEGOCIOS DE GOBIERNO Y PENSIONES,FONDOS,SALINILLAS,"Presa Salinillas # 370 piso 9, col. Irrigación, CP 11500, del. Miguel Hidalgo, México D.F. "
45000099,DIRECCION REGIONAL DE NEGOCIOS DE GOBIERNO Y PENSIONES,DIRECCION REGIONAL DE NEGOCIOS DE GOBIERNO Y PENSIONES,DIRECCION REGIONAL DE NEGOCIOS DE GOBIERNO Y PENSIONES,PENSIONES,VIADUCTO,"Insurgentes Sur 546 Piso 3, col. Roma Sur, CP 06760, del. Cuauhtemoc, México D.F."
42040802,ILIADA MEXICALI,REGIONAL BAJA CALIFORNIA,DIRECCION DIVISIONAL NORTE,AFORE,NUEVO MEXICALI,"Madero No 861, Segunda Sección, C.P. 21100, Mexicali Baja California."
42047060,MEXICALI IMPERIAL,REGIONAL BAJA CALIFORNIA,DIRECCION DIVISIONAL NORTE,AFORE,NUEVO MEXICALI,"Madero No 861, Segunda Sección, C.P. 21100, Mexicali Baja California."
42040800,MEXICALI,REGIONAL BAJA CALIFORNIA,DIRECCION DIVISIONAL NORTE,AFORE,NUEVO MEXICALI,"Madero No 861, Segunda Sección, C.P. 21100, Mexicali Baja California."
42042120,ENSENADA,REGIONAL BAJA CALIFORNIA,DIRECCION DIVISIONAL NORTE,AFORE,NUEVO ENSENADA,"P. Loyola y Delante 206, 11, A, centro comercial Plaza Tersa, zona centro CP. 22800 Ensenada Baja California."
42041800,TIJUANA CACHANILLA,REGIONAL BAJA CALIFORNIA,DIRECCION DIVISIONAL NORTE,AFORE,NUEVO CORPORATIVO TIJUANA,Paseo de los Héroes #2410 Esquina Clemente Orozco Col. Zona Rio de la Ciudad de Tijuana S/N Edificio Paseo Palmas locales 102 y 400 CP 22230
42042020,TIJUANA INDUSTRIAL,REGIONAL BAJA CALIFORNIA,DIRECCION DIVISIONAL NORTE,AFORE,NUEVO CORPORATIVO TIJUANA,Paseo de los Héroes #2410 Esquina Clemente Orozco Col. Zona Rio de la Ciudad de Tijuana S/N Edificio Paseo Palmas locales 102 y 400 CP 22230
42042110,TIJUANA INSURGENTES,REGIONAL BAJA CALIFORNIA,DIRECCION DIVISIONAL NORTE,AFORE,NUEVO CORPORATIVO TIJUANA,Paseo de los Héroes #2410 Esquina Clemente Orozco Col. Zona Rio de la Ciudad de Tijuana S/N Edificio Paseo Palmas locales 102 y 400 CP 22230
42047050,TIJUANA PLAYAS,REGIONAL BAJA CALIFORNIA,DIRECCION DIVISIONAL NORTE,AFORE,NUEVO CORPORATIVO TIJUANA,Paseo de los Héroes #2410 Esquina Clemente Orozco Col. Zona Rio de la Ciudad de Tijuana S/N Edificio Paseo Palmas locales 102 y 400 CP 22230
42040750,TIJUANA RIO,REGIONAL BAJA CALIFORNIA,DIRECCION DIVISIONAL NORTE,AFORE,NUEVO CORPORATIVO TIJUANA,Paseo de los Héroes #2410 Esquina Clemente Orozco Col. Zona Rio de la Ciudad de Tijuana S/N Edificio Paseo Palmas locales 102 y 400 CP 22230
42060610,NOGALES,REGIONAL BAJA CALIFORNIA,DIRECCION DIVISIONAL NORTE,AFORE,NOGALES,"Blvd. El Greco 26 Loc 9 Pza. Comercial Kalitea, El Greco, CP 84066, Nogales Sonora"
42060620,CD. OBREGON,REGIONAL BAJA CALIFORNIA,DIRECCION DIVISIONAL NORTE,AFORE,CD. OBREGON,"Av. Miguel Alemán 219 sur entre av. Guerrero y No Reelección, col Centro, CP 85000, Ciudad Obregón Sonora"
42060590,HERMOSILLO,REGIONAL BAJA CALIFORNIA,DIRECCION DIVISIONAL NORTE,AFORE,HERMOSILLO,"Blvd. Kino no. 402, col. Pitic, cp 83150, Hermosillo, Sonora."
42062500,HERMOSILLO PITIC,REGIONAL BAJA CALIFORNIA,DIRECCION DIVISIONAL NORTE,AFORE,HERMOSILLO,"Blvd. Kino no. 402, col. Pitic, cp 83150, Hermosillo, Sonora."
42040900,LA PAZ,REGIONAL BAJA CALIFORNIA,DIRECCION DIVISIONAL NORTE,AFORE,LA PAZ,"BLVD Constituyentes de 1975  #4120 Locales S34 Y S35, Colonia Sector Inalapa CP 23098 La Paz, Baja California Sur, México"
42040098,REGIONAL BAJA CALIFORNIA,REGIONAL BAJA CALIFORNIA,DIRECCION DIVISIONAL NORTE,AFORE,NUEVO CORPORATIVO TIJUANA,Paseo de los Héroes #2410 Esquina Clemente Orozco Col. Zona Rio de la Ciudad de Tijuana S/N Edificio Paseo Palmas locales 102 y 400 CP 22230
10010113,C.E. INSURGENTES,REGIONAL DE CUENTAS ESPECIALES,DIRECCION MERCADOTECNIA Y VALOR AL CLIENTE,AFORE,SAN ANGEL,"AV. INSURGENTES SUR No. 2047 PB  COL. SAN ANGEL, DELEG. ALVARO OBREGÓN C.P. 01000 MÉX, D.F."
40100002,C.E. LORETO,REGIONAL DE CUENTAS ESPECIALES,DIRECCION MERCADOTECNIA Y VALOR AL CLIENTE,AFORE,SAN ANGEL,"AV. INSURGENTES SUR No. 2047 PB  COL. SAN ANGEL, DELEG. ALVARO OBREGÓN C.P. 01000 MÉX, D.F."
40100003,C.E. QUERETARO SANTIAGO,REGIONAL DE CUENTAS ESPECIALES,DIRECCION MERCADOTECNIA Y VALOR AL CLIENTE,AFORE,QUERETARO,"Blvd. Bernardo Quintana Arrioja # 4100, Fraccionamiento Alamos 3 seccion 5 piso. CP 76160, Queretaro, Qro. Plaza Bulevares              "
40100004,C.E. LOS ALTOS,REGIONAL DE CUENTAS ESPECIALES,DIRECCION MERCADOTECNIA Y VALOR AL CLIENTE,AFORE,GUADALAJARA," Av. Chapultepec Norte no. 15, piso 19, col. Ladrón de Guevara, CP 44600, Guadalajara Jalisco."
40100005,C.E. ROSARITO,REGIONAL DE CUENTAS ESPECIALES,DIRECCION MERCADOTECNIA Y VALOR AL CLIENTE,AFORE,NUEVO CORPORATIVO TIJUANA,Paseo de los Héroes #2410 Esquina Clemente Orozco Col. Zona Rio de la Ciudad de Tijuana S/N Edificio Paseo Palmas locales 102 y 400 CP 22230
40100006,C.E. VILLAMONTAÑA,REGIONAL DE CUENTAS ESPECIALES,DIRECCION MERCADOTECNIA Y VALOR AL CLIENTE,AFORE,MONTERREY,"Doctor Coss 731, Colonia Centro, CP 64000 en la Ciudad de Monterrey, Estado de Nuevo León"
40100007,C.E. BUENAVISTA,REGIONAL DE CUENTAS ESPECIALES,DIRECCION MERCADOTECNIA Y VALOR AL CLIENTE,AFORE,MONTEVIDEO,"Av. Monteviedo no. 57 y 63,  piso 2 col. Tepeyac Insurgentes, CP 07020, del. Gustavo A. Madero, México D.F."
40100008,C.E. PALMAS,REGIONAL DE CUENTAS ESPECIALES,DIRECCION MERCADOTECNIA Y VALOR AL CLIENTE,AFORE,SALINILLAS,"Presa Salinillas # 370 Piso 9 int. 901 y 903, col. Irrigación, CP 11500, del. Miguel Hidalgo, México D.F. "
40100009,C.E. AJUSCO,REGIONAL DE CUENTAS ESPECIALES,DIRECCION MERCADOTECNIA Y VALOR AL CLIENTE,AFORE,SAN ANGEL,"AV. INSURGENTES SUR No. 2047 PB  COL. SAN ANGEL, DELEG. ALVARO OBREGÓN C.P. 01000 MÉX, D.F."
40100010,C.E. DEPENDENCIAS,REGIONAL DE CUENTAS ESPECIALES,DIRECCION MERCADOTECNIA Y VALOR AL CLIENTE,AFORE,MONTEVIDEO,"Av. Monteviedo no. 57 y 63, col. Tepeyac Insurgentes, CP 07020, del. Gustavo A. Madero, México D.F."
40100011,C.E. TECAMACHALCO,REGIONAL DE CUENTAS ESPECIALES,DIRECCION MERCADOTECNIA Y VALOR AL CLIENTE,AFORE,SALINILLAS,"Presa Salinillas # 370 Piso 9 int. 901 y 903, col. Irrigación, CP 11500, del. Miguel Hidalgo, México D.F. "
40100012,C.E. BOULEVARES,REGIONAL DE CUENTAS ESPECIALES,DIRECCION MERCADOTECNIA Y VALOR AL CLIENTE,AFORE,TLALNEPANTLA,"Av. Gustavo Baz # 230 Locales 101 al 111, col. Tequexquinahuac, Tlalnepantla de Baz, CP 54020,  Edo. de México"
40100013,C.E. VALLE ORIENTE,REGIONAL DE CUENTAS ESPECIALES,DIRECCION MERCADOTECNIA Y VALOR AL CLIENTE,AFORE,MONTERREY RETENCION,"Juan Ignacio Ramón 801 Ote, Int. 103 Esquina Dr. Coss, Col. Centro, CP 64000 Monterrey, N.L."
40100014,C.E. OCAMPO,REGIONAL DE CUENTAS ESPECIALES,DIRECCION MERCADOTECNIA Y VALOR AL CLIENTE,AFORE,LEON,"Boulevard Vasco de Quiroga no. 101, esq. Blvd. Adolfo López Mateos, col. Los Gavilanes, CP37270, León Gto. "
45000092,C.E. ELITE,REGIONAL DE CUENTAS ESPECIALES,DIRECCION MERCADOTECNIA Y VALOR AL CLIENTE,AFORE,SAN ANGEL,"AV. INSURGENTES SUR No. 2047 LOCAL J, I  PISO 1 COL. SAN ANGEL, DELEG. ALVARO OBREGÓN C.P. 01000 MÉX, D.F."
40100001,C.E. ISSSTE,REGIONAL DE CUENTAS ESPECIALES,DIRECCION MERCADOTECNIA Y VALOR AL CLIENTE,AFORE,SAN ANGEL,"AV. INSURGENTES SUR No. 2047 LOCAL J, I  PISO 1 COL. SAN ANGEL, DELEG. ALVARO OBREGÓN C.P. 01000 MÉX, D.F."
40100099,REGIONAL DE CUENTAS ESPECIALES,REGIONAL DE CUENTAS ESPECIALES,DIRECCION MERCADOTECNIA Y VALOR AL CLIENTE,AFORE,CORPORATIVO,"Blvd. Adolfo López Mateos 2009, PISO 8  col. Los Alpes, CP 01010, del. Álvaro Obregón, México D.F."
44091070,ACAPULCO,REGIONAL ISSSTE,DIRECCION REGIONAL DE NEGOCIOS DE GOBIERNO Y PENSIONES,AFORE,ACAPULCO,"Av. Costera Miguel Alemán 87 cond. La Torre de Acapulco l – 17, Fracc. Club Deportivo, CP 39690, Acapulco Gro."
47102170,ECATEPEC,REGIONAL ISSSTE,DIRECCION REGIONAL DE NEGOCIOS DE GOBIERNO Y PENSIONES,AFORE,MONTEVIDEO,"Av. Monteviedo no. 57 y 63, col. Tepeyac Insurgentes, CP 07020, del. Gustavo A. Madero, México D.F."
40007000,PEDREGAL,REGIONAL ISSSTE,DIRECCION REGIONAL DE NEGOCIOS DE GOBIERNO Y PENSIONES,AFORE,VIADUCTO,"Insurgentes Sur 546, col. Roma Sur, CP 06760, del. Cuauhtemoc, México D.F."
44091780,VALLE,REGIONAL ISSSTE,DIRECCION REGIONAL DE NEGOCIOS DE GOBIERNO Y PENSIONES,AFORE,VIADUCTO,"Insurgentes Sur 546, col. Roma Sur, CP 06760, del. Cuauhtemoc, México D.F."
48262190,GUADALAJARA AMERICAS,REGIONAL ISSSTE,DIRECCION REGIONAL DE NEGOCIOS DE GOBIERNO Y PENSIONES,AFORE,GUADALAJARA," Av. Chapultepec Norte no. 15, PB, pisos 12-14 y 22B, col. Ladrón de Guevara, CP 44600, Guadalajara Jalisco."
43072490,SALTILLO RAMOS ARIZPE,REGIONAL ISSSTE,DIRECCION REGIONAL DE NEGOCIOS DE GOBIERNO Y PENSIONES,AFORE,SALTILLO,"Avenida San Ángel No. 240, Modulo B Primer Piso (Plaza San Angel) Fraccionamiento Rancho la Peña, CP 25210 Saltillo, Coahuila "
48260380,MORELIA,REGIONAL ISSSTE,DIRECCION REGIONAL DE NEGOCIOS DE GOBIERNO Y PENSIONES,AFORE,MORELIA,"Av. Camelinas No. 2139-A Lote 10, Manzana 24, col. Camelinas, CP 58290, Morelia Mich."
45008130,SILAO,REGIONAL ISSSTE,DIRECCION REGIONAL DE NEGOCIOS DE GOBIERNO Y PENSIONES,AFORE,LEÓN,"Boulevard Vasco de Quiroga no. 101, esq. Blvd. Adolfo López Mateos, int. 508-509, col. Los Gavilanes, CP37270, León Gto. "
41018200,PUEBLA DE ZARAGOZA,REGIONAL ISSSTE,DIRECCION REGIONAL DE NEGOCIOS DE GOBIERNO Y PENSIONES,AFORE,PUEBLA,"Blvd. Libramiento San Juan 2702 PB, Mezzanine y P4, Col Ampliación Reforma Sur, CP 72160, Puebla Pue."
41016970,BOCA DEL RÍO,REGIONAL ISSSTE,DIRECCION REGIONAL DE NEGOCIOS DE GOBIERNO Y PENSIONES,AFORE,VERACRUZ, Bvld Adolfo Ruiz Cortinez L7 y 8 #2202 Fracc. Costa de Oro Boca del Rio Veracruz Ver. CP 94294 Edificio Bussines Center Veracruz
45000091,REGIONAL ISSSTE,REGIONAL ISSSTE,DIRECCION REGIONAL DE NEGOCIOS DE GOBIERNO Y PENSIONES,AFORE,VIADUCTO,"Insurgentes Sur 546, piso 6,  col. Roma Sur, CP 06760, del. Cuauhtemoc, México D.F."
47101370,LINDAVISTA,REGIONAL METROPOLITANA NORTE,DIRECCION DIVISIONAL SUR,AFORE,MONTEVIDEO,"Av. Monteviedo no. 57 y 63, col. Tepeyac Insurgentes, CP 07020, del. Gustavo A. Madero, México D.F."
46006940,VIADUCTO,REGIONAL METROPOLITANA NORTE,DIRECCION DIVISIONAL SUR,AFORE,VIADUCTO,"Insurgentes Sur 546, 4to piso col. Roma Sur, CP 06760, del. Cuauhtemoc, México D.F."
47102310,ILIADA METRO NORTE,REGIONAL METROPOLITANA NORTE,DIRECCION DIVISIONAL SUR,AFORE,MONTEVIDEO,"Av. Monteviedo no. 57 y 63, 2 piso col. Tepeyac Insurgentes, CP 07020, del. Gustavo A. Madero, México D.F."
47102280,OLIMPO,REGIONAL METROPOLITANA NORTE,DIRECCION DIVISIONAL SUR,AFORE,MONTEVIDEO,"Av. Monteviedo no. 57 y 63, 2 piso, col. Tepeyac Insurgentes, CP 07020, del. Gustavo A. Madero, México D.F."
46008220,ARAGON,REGIONAL METROPOLITANA NORTE,DIRECCION DIVISIONAL SUR,AFORE,MONTEVIDEO,"Av. Monteviedo no. 57 y 63, 2 piso col. Tepeyac Insurgentes, CP 07020, del. Gustavo A. Madero, México D.F."
47102180,CHAPULTEPEC,REGIONAL METROPOLITANA NORTE,DIRECCION DIVISIONAL SUR,AFORE,VIADUCTO,"Insurgentes Sur 546, 4to piso, col. Roma Sur, CP 06760, del. Cuauhtemoc, México D.F."
46008080,XOLA,REGIONAL METROPOLITANA NORTE,DIRECCION DIVISIONAL SUR,AFORE,VIADUCTO,"Insurgentes Sur 546, piso 7, col. Roma Sur, CP 06760, del. Cuauhtemoc, México D.F."
44091630,ANAHUAC,REGIONAL METROPOLITANA NORTE,DIRECCION DIVISIONAL SUR,AFORE,VIADUCTO,"Insurgentes Sur 546, piso 5, col. Roma Sur, CP 06760, del. Cuauhtemoc, México D.F."
44093040,LAS AGUILAS,REGIONAL METROPOLITANA NORTE,DIRECCION DIVISIONAL SUR,AFORE,LA VIGA,"Calzada de la Viga 398 Oficina C en la Colonia Jamaica, Código Postal 15800, Delegación Venustiano Carranza"
47102420,SAN JERONIMO,REGIONAL METROPOLITANA NORTE,DIRECCION DIVISIONAL SUR,AFORE,VIADUCTO PISO 3 Y 4,"Insurgentes Sur 546, piso 7,col. Roma Sur, CP 06760, del. Cuauhtemoc, México D.F."
47000999,REGIONAL METROPOLITANA NORTE,REGIONAL METROPOLITANA NORTE,DIRECCION DIVISIONAL SUR,AFORE,VIADUCTO,"Insurgentes Sur 546, 4to piso col. Roma Sur, CP 06760, del. Cuauhtemoc, México D.F."
46008110,SEVILLA,REGIONAL METROPOLITANA ORIENTE,DIRECCION DIVISIONAL SUR,AFORE,VIADUCTO,"Avenida Insurgentes sur 546,  piso 3 Col Roma, Delg Cuauhtemoc, Cp 06760, Mexico DF"
47108170,MAZARIK,REGIONAL METROPOLITANA ORIENTE,DIRECCION DIVISIONAL SUR,AFORE,HAMBURGO,"Hamburgo #206 Piso 1 Of. 103-302 y 403 Col. Juárez, Delegación Cuauhtemoc, C.P. 06600, México, Distrito Federal. "
46007070,EJERCITO,REGIONAL METROPOLITANA ORIENTE,DIRECCION DIVISIONAL SUR,AFORE,HAMBURGO,"Hamburgo #206 Piso 1 Of. 103-302 y 403 Col. Juárez, Delegación Cuauhtemoc, C.P. 06600, México, Distrito Federal. "
44092430,CONDESA,REGIONAL METROPOLITANA ORIENTE,DIRECCION DIVISIONAL SUR,AFORE,HAMBURGO,"Hamburgo #206 Piso 1 Of. 103-302 y 403 Col. Juárez, Delegación Cuauhtemoc, C.P. 06600, México, Distrito Federal. "
44092440,ESCANDON,REGIONAL METROPOLITANA ORIENTE,DIRECCION DIVISIONAL SUR,AFORE,HAMBURGO,"Hamburgo #206 Piso 1 Of. 103-302 y 403 Col. Juárez, Delegación Cuauhtemoc, C.P. 06600, México, Distrito Federal. "
41018344,HAMBURGO,REGIONAL METROPOLITANA ORIENTE,DIRECCION DIVISIONAL SUR,AFORE,VIADUCTO,"Avenida Insurgentes sur 546,  piso 3 Col Roma, Delg Cuauhtemoc, Cp 06760, Mexico DF"
44093010,VIVEROS,REGIONAL METROPOLITANA ORIENTE,DIRECCION DIVISIONAL SUR,AFORE,LA VIGA,"Calzada de la Viga 398 Oficina C en la Colonia Jamaica, Código Postal 15800, Delegación Venustiano Carranza"
44092290,PRAGA,REGIONAL METROPOLITANA ORIENTE,DIRECCION DIVISIONAL SUR,AFORE,HAMBURGO,"Hamburgo #206 Piso 1 Of. 103-302 y 403 Col. Juárez, Delegación Cuauhtemoc, C.P. 06600, México, Distrito Federal. "
46011760,CRACOVIA,REGIONAL METROPOLITANA ORIENTE,DIRECCION DIVISIONAL SUR,AFORE,HAMBURGO,"Hamburgo #206 Piso 1 Of. 103-302 y 403 Col. Juárez, Delegación Cuauhtemoc, C.P. 06600, México, Distrito Federal. "
44092080,FRAY SERVANDO,REGIONAL METROPOLITANA ORIENTE,DIRECCION DIVISIONAL SUR,AFORE,HAMBURGO,"Hamburgo #206 Piso 1 Of. 103-302 y 403 Col. Juárez, Delegación Cuauhtemoc, C.P. 06600, México, Distrito Federal. "
44091280,PRADO CHURUBUSCO,REGIONAL METROPOLITANA ORIENTE,DIRECCION DIVISIONAL SUR,AFORE,LA VIGA,"Calzada de la Viga 398 Oficina C en la Colonia Jamaica, Código Postal 15800, Delegación Venustiano Carranza"
45000600,INTERLOMAS,REGIONAL METROPOLITANA ORIENTE,DIRECCION DIVISIONAL SUR,AFORE,VIADUCTO PISO 7 Y 8,"Insurgentes Sur 546, col. Roma Sur, CP 06760, del. Cuauhtemoc, México D.F."
47102311,CRONOS,REGIONAL METROPOLITANA ORIENTE,DIRECCION DIVISIONAL SUR,AFORE,VIADUCTO PISO 7 Y 8,"Insurgentes Sur 546, col. Roma Sur, CP 06760, del. Cuauhtemoc, México D.F."
44000099,REGIONAL METROPOLITANA ORIENTE,REGIONAL METROPOLITANA ORIENTE,DIRECCION DIVISIONAL SUR,AFORE,HAMBURGO,"Hamburgo #206 Piso 1 Of. 103-302 y 403 Col. Juárez, Delegación Cuauhtemoc, C.P. 06600, México, Distrito Federal. "
47101100,NAUCALPAN,REGIONAL METROPOLITANA PONIENTE,DIRECCION DIVISIONAL SUR,AFORE,SALINILLAS,"Presa Salinillas # 370 Piso 9 int. 901 y 903, col. Irrigación, CP 11500, del. Miguel Hidalgo, México D.F. "
46008300,VALLE DORADO,REGIONAL METROPOLITANA PONIENTE,DIRECCION DIVISIONAL SUR,AFORE,TLALNEPANTLA,"Av. Gustavo Baz # 230 Locales 101 al 111, col. Tequexquinahuac, Tlalnepantla de Baz, CP 54020,  Edo. de México"
47108160,SATELITE,REGIONAL METROPOLITANA PONIENTE,DIRECCION DIVISIONAL SUR,AFORE,TLALNEPANTLA,"Av. Gustavo Baz # 230 Locales 101 al 111, col. Tequexquinahuac, Tlalnepantla de Baz, CP 54020,  Edo. de México"
44092410,TOLUCA LERMA,REGIONAL METROPOLITANA PONIENTE,DIRECCION DIVISIONAL SUR,AFORE,TOLUCA,"Isidro Fabela 725-A, Col. San Sebastián, CP 50150, Toluca Edo. de México"
46012600,TOLUCA METEPEC,REGIONAL METROPOLITANA PONIENTE,DIRECCION DIVISIONAL SUR,AFORE,TOLUCA,"Isidro Fabela 725-A, Col. San Sebastián, CP 50150, Toluca Edo. de México"
46008230,SOTELO,REGIONAL METROPOLITANA PONIENTE,DIRECCION DIVISIONAL SUR,AFORE,SALINILLAS,"Presa Salinillas # 370 Piso 9 int. 901 y 903, col. Irrigación, CP 11500, del. Miguel Hidalgo, México D.F. "
40006990,TRADE CENTER,REGIONAL METROPOLITANA PONIENTE,DIRECCION DIVISIONAL SUR,AFORE,SALINILLAS,"Presa Salinillas # 370 Piso 9 int. 901 y 903, col. Irrigación, CP 11500, del. Miguel Hidalgo, México D.F. "
47101550,POLANCO,REGIONAL METROPOLITANA PONIENTE,DIRECCION DIVISIONAL SUR,AFORE,SALINILLAS,"Presa Salinillas # 370 Piso 9 int. 901 y 903, col. Irrigación, CP 11500, del. Miguel Hidalgo, México D.F. "
44092450,NICOLAS BRAVO,REGIONAL METROPOLITANA PONIENTE,DIRECCION DIVISIONAL SUR,AFORE,SALINILLAS,"Presa Salinillas # 370 Piso 9 int. 901 y 903, col. Irrigación, CP 11500, del. Miguel Hidalgo, México D.F. "
47101790,TOREO,REGIONAL METROPOLITANA PONIENTE,DIRECCION DIVISIONAL SUR,AFORE,SALINILLAS,"Presa Salinillas # 370 Piso 9 int. 901 y 903, col. Irrigación, CP 11500, del. Miguel Hidalgo, México D.F. "
47101120,CUAUTITLAN,REGIONAL METROPOLITANA PONIENTE,DIRECCION DIVISIONAL SUR,AFORE,CUAUTITLAN,"Avenida  Chalma,  Local E19 Plaza Comercial San Marco y Autopista México-Querétaro Ex Hacienda Jardín de San Miguel Cuautitlán Izcalli, México C.P. 54700"
47101190,PACHUCA,REGIONAL METROPOLITANA PONIENTE,DIRECCION DIVISIONAL SUR,AFORE,PACHUCA,"Camino Real de la Plata, Núm.308 PB, del Fraccionamiento Zona Plateada, Edificio PODI, Pachuca, Hidalgo, C. P. 42083"
46000099,REGIONAL METROPOLITANA PONIENTE,REGIONAL METROPOLITANA PONIENTE,DIRECCION DIVISIONAL SUR,AFORE,SALINILLAS,"Presa Salinillas # 370 Piso 9 int. 901 y 903, col. Irrigación, CP 11500, del. Miguel Hidalgo, México D.F. "
44091530,METRO CENTRO,REGIONAL METROPOLITANA SUR,DIRECCION DIVISIONAL SUR,AFORE,SAN ANGEL CRACOVIA,"Av. insurgentes sur 2047 PA, col. San Ángel Inn, CP 01000, del. Alvaro Obregon, México D.F."
44091330,SAN ANGEL,REGIONAL METROPOLITANA SUR,DIRECCION DIVISIONAL SUR,AFORE,SAN ANGEL CRACOVIA,"Av. insurgentes sur 2047 PA, col. San Ángel Inn, CP 01000, del. Alvaro Obregon, México D.F."
44093020,CHIMALISTAC,REGIONAL METROPOLITANA SUR,DIRECCION DIVISIONAL SUR,AFORE,SAN ANGEL CRACOVIA,"Av. insurgentes sur 2047 PA, col. San Ángel Inn, CP 01000, del. Alvaro Obregon, México D.F."
44091050,CUERNAVACA,REGIONAL METROPOLITANA SUR,DIRECCION DIVISIONAL SUR,AFORE,CUERNAVACA,Av de los 50 metros n.- 100 Col. Villas Deportivas Cuernavaca Morelos. (Condominio Corporativo Cuernavaca del Lago).
44092580,CUERNAVACA MORELOS,REGIONAL METROPOLITANA SUR,DIRECCION DIVISIONAL SUR,AFORE,CUERNAVACA,Av de los 50 metros n.- 100 Col. Villas Deportivas Cuernavaca Morelos. (Condominio Corporativo Cuernavaca del Lago).
46008100,PATRIOTISMO,REGIONAL METROPOLITANA SUR,DIRECCION DIVISIONAL SUR,AFORE,VIADUCTO PISO 5,"Insurgentes Sur 546 PISO 5, col. Roma Sur, CP 06760, del. Cuauhtemoc, México D.F."
47103030,DEL PARQUE,REGIONAL METROPOLITANA SUR,DIRECCION DIVISIONAL SUR,AFORE,SAN ANGEL CRACOVIA,"Av. insurgentes sur 2047 PA, col. San Ángel Inn, CP 01000, del. Alvaro Obregon, México D.F."
46008070,ALTAVISTA,REGIONAL METROPOLITANA SUR,DIRECCION DIVISIONAL SUR,AFORE,SAN ANGEL CRACOVIA,"Av. insurgentes sur 2047 PA, col. San Ángel Inn, CP 01000, del. Alvaro Obregon, México D.F."
44091850,TLALPAN,REGIONAL METROPOLITANA SUR,DIRECCION DIVISIONAL SUR,AFORE,SAN ANGEL CRACOVIA,"Av. insurgentes sur 2047 PA, col. San Ángel Inn, CP 01000, del. Alvaro Obregon, México D.F."
46008090,BARRANCA,REGIONAL METROPOLITANA SUR,DIRECCION DIVISIONAL SUR,AFORE,SAN ANGEL CRACOVIA,"Av. insurgentes sur 2047 PA, col. San Ángel Inn, CP 01000, del. Alvaro Obregon, México D.F."
46007080,MARINA NACIONAL,REGIONAL METROPOLITANA SUR,DIRECCION DIVISIONAL SUR,AFORE,SAN ANGEL CRACOVIA,"Av. insurgentes sur 2047 PA, col. San Ángel Inn, CP 01000, del. Alvaro Obregon, México D.F."
44093060,PUERTO,REGIONAL METROPOLITANA SUR,DIRECCION DIVISIONAL SUR,AFORE,ACAPULCO,"Av. Costera Miguel Alemán lote 20 manzana 2 sector lomas numero 2322 despacho 100 Fraccionamiento club deportivo, CP 39690, Acapulco Gro."
44000999,REGIONAL METROPOLITANA SUR,REGIONAL METROPOLITANA SUR,DIRECCION DIVISIONAL SUR,AFORE,SAN ANGEL CRACOVIA,"Av. insurgentes sur 2047 PA, col. San Ángel Inn, CP 01000, del. Alvaro Obregon, México D.F."
48260460,SAN LUIS POTOSI,REGIONAL NORESTE,DIRECCION DIVISIONAL NORTE,AFORE,SAN LUIS POTOSI,"Av. Perfecto Amezquita No. 105, Fracc. Tangamanga, CP 78269, San Luís Potosí SLP."
45008140,SLP TANGAMANGA,REGIONAL NORESTE,DIRECCION DIVISIONAL NORTE,AFORE,SAN LUIS POTOSI,"Av. Perfecto Amezquita No. 105, Fracc. Tangamanga, CP 78269, San Luís Potosí SLP."
43072090,MONTERREY CHIPINQUE,REGIONAL NORESTE,DIRECCION DIVISIONAL NORTE,AFORE,MONTERREY,"Doctor Coss 731, Colonia Centro, CP 64000 en la Ciudad de Monterrey, Estado de Nuevo León"
43078040,MONTERREY VOLCAN,REGIONAL NORESTE,DIRECCION DIVISIONAL NORTE,AFORE,MONTERREY,"Doctor Coss 731, Colonia Centro, CP 64000 en la Ciudad de Monterrey, Estado de Nuevo León"
43073010,MONTERREY SENDERO,REGIONAL NORESTE,DIRECCION DIVISIONAL NORTE,AFORE,MONTERREY,"Doctor Coss 731, Colonia Centro, CP 64000 en la Ciudad de Monterrey, Estado de Nuevo León"
43073020,MONTERREY MITRAS,REGIONAL NORESTE,DIRECCION DIVISIONAL NORTE,AFORE,MONTERREY,"Doctor Coss 731, Colonia Centro, CP 64000 en la Ciudad de Monterrey, Estado de Nuevo León"
43073030,MONTERREY LEONES,REGIONAL NORESTE,DIRECCION DIVISIONAL NORTE,AFORE,MONTERREY,"Doctor Coss 731, Colonia Centro, CP 64000 en la Ciudad de Monterrey, Estado de Nuevo León"
43073040,MONTERREY VALLE ALTO,REGIONAL NORESTE,DIRECCION DIVISIONAL NORTE,AFORE,MONTERREY,"Doctor Coss 731, Colonia Centro, CP 64000 en la Ciudad de Monterrey, Estado de Nuevo León"
43072130,MONTERREY SANTA LUCIA,REGIONAL NORESTE,DIRECCION DIVISIONAL NORTE,AFORE,MONTERREY,"Doctor Coss 731, Colonia Centro, CP 64000 en la Ciudad de Monterrey, Estado de Nuevo León"
43070850,TAMPICO,REGIONAL NORESTE,DIRECCION DIVISIONAL NORTE,AFORE,TAMPICO,"Av. Hidalgo 2808 local 5 entre Robles y Fresnos, col. Águila, CP 89230, Tampico Tamps."
43072530,TAMPICO ALTAMIRA,REGIONAL NORESTE,DIRECCION DIVISIONAL NORTE,AFORE,TAMPICO,"Av. Hidalgo 2808 local 5 entre Robles y Fresnos, col. Águila, CP 89230, Tampico Tamps."
43072440,MONTERREY FUNDIDORA,REGIONAL NORESTE,DIRECCION DIVISIONAL NORTE,AFORE,MONTERREY,"Doctor Coss 731, Colonia Centro, CP 64000 en la Ciudad de Monterrey, Estado de Nuevo León"
43071442,U. CD VICTORIA,REGIONAL NORESTE,DIRECCION DIVISIONAL NORTE,AFORE,CD VICTORIA,"Cristóbal Colón # 934, L5 y L11, Colonia Morelos  C.P. 87050, Ciudad Victoria, Tamaulipas"
43009909,REGIONAL NORESTE,REGIONAL NORESTE,DIRECCION DIVISIONAL NORTE,AFORE,MONTERREY,"Doctor Coss 731, Colonia Centro, CP 64000 en la Ciudad de Monterrey, Estado de Nuevo León"
42040640,CD. JUAREZ ATLANTIS,REGIONAL NOROESTE,DIRECCION DIVISIONAL NORTE,AFORE,CIUDAD JUAREZ,"Av. Paseo Triunfo de la República no.3340, Edifico Atlantis, Col. Partido Romero, CP 32030, Cd. Juárez Chihuahua"
42041810,CD. JUAREZ BARRANCAS,REGIONAL NOROESTE,DIRECCION DIVISIONAL NORTE,AFORE,CIUDAD JUAREZ,"Av. Paseo Triunfo de la República no.3340, Edifico Atlantis, Col. Partido Romero, CP 32030, Cd. Juárez Chihuahua"
42067020,JUAREZ PASO DEL NORTE,REGIONAL NOROESTE,DIRECCION DIVISIONAL NORTE,AFORE,CIUDAD JUAREZ,"Av. Paseo Triunfo de la República no.3340, Edifico Atlantis, Col. Partido Romero, CP 32030, Cd. Juárez Chihuahua"
42067010,JUAREZ CHAMIZAL,REGIONAL NOROESTE,DIRECCION DIVISIONAL NORTE,AFORE,CIUDAD JUAREZ,"Av. Paseo Triunfo de la República no.3340, Edifico Atlantis, Col. Partido Romero, CP 32030, Cd. Juárez Chihuahua"
43070870,TORREON,REGIONAL NOROESTE,DIRECCION DIVISIONAL NORTE,AFORE,TORREÓN,"Bvld. Independencia no.851, Col. Granjas San Isidro,  CP 27100, Torreón Coahuila"
42008000,TORREON COMARCA,REGIONAL NOROESTE,DIRECCION DIVISIONAL NORTE,AFORE,TORREÓN,"Bvld. Independencia no.851, Col. Granjas San Isidro,  CP 27100, Torreón Coahuila"
42040670,CHIHUAHUA,REGIONAL NOROESTE,DIRECCION DIVISIONAL NORTE,AFORE,CHIHUAHUA,"Av. las Américas no. 1601,  col. Panamericana, CP 31210, Chihuahua Chihuahua"
42042270,CHIHUAHUA VILLA,REGIONAL NOROESTE,DIRECCION DIVISIONAL NORTE,AFORE,CHIHUAHUA,"Av. las Américas no. 1601,  col. Panamericana, CP 31210, Chihuahua Chihuahua"
42008020,CHIHUAHUA PARRAL,REGIONAL NOROESTE,DIRECCION DIVISIONAL NORTE,AFORE,CHIHUAHUA,"Av. las Américas no. 1601,  col. Panamericana, CP 31210, Chihuahua Chihuahua"
42008010,DURANGO,REGIONAL NOROESTE,DIRECCION DIVISIONAL NORTE,AFORE,DURANGO,"20 De Noviembre ote #2010 ""A"", Col Guillermina, CP 34270, Durango Durango"
42060710,CULIACAN,REGIONAL NOROESTE,DIRECCION DIVISIONAL NORTE,AFORE,CULIACAN,"Av. Insurgentes sur 847 local  1 y 2, col. Centro, CP 80000, Culiacán Sin. "
42062560,CULIACAN HUMAYA,REGIONAL NOROESTE,DIRECCION DIVISIONAL NORTE,AFORE,CULIACAN,"Av. Insurgentes sur 847 local  1 y 2, col. Centro, CP 80000, Culiacán Sin. "
42060720,U. LOS MOCHIS,REGIONAL NOROESTE,DIRECCION DIVISIONAL NORTE,AFORE,LOS MOCHIS,Angel Flores Num 119-7 Nte Altos Colonia  Centro Cp 81200 Los Mochis Sin.
42000999,REGIONAL NOROESTE,REGIONAL NOROESTE,DIRECCION DIVISIONAL NORTE,AFORE,CIUDAD JUAREZ,"Av. Paseo Triunfo de la República no.3340, Edifico Atlantis, Col. Partido Romero, CP 32030, Cd. Juárez Chihuahua"
43070820,MATAMOROS,REGIONAL NORTE,DIRECCION DIVISIONAL NORTE,AFORE,MATAMOROS,"Av. Hidalgo 5 y 6 s/n local 6, col. Centro, CP 87300, Matamoros Tamps."
43071441,NUEVO LAREDO,REGIONAL NORTE,DIRECCION DIVISIONAL NORTE,AFORE,NUEVO LAREDO,"Avenida Paseo Colón núm. 3554, Lote 7-A y fracción del lote 7-B,  col. Jardín 2ª Secc. CP 88260, Nuevo Laredo Tamps. "
43070940,MONTERREY CENTRO,REGIONAL NORTE,DIRECCION DIVISIONAL NORTE,AFORE,CORPORATIVO MONTERREY PISO 3,"Doctor Coss 731, Colonia Centro, CP 64000 en la Ciudad de Monterrey, Estado de Nuevo León"
43070980,MONTERREY SAN PEDRO,REGIONAL NORTE,DIRECCION DIVISIONAL NORTE,AFORE,CORPORATIVO MONTERREY PISO 3,"Doctor Coss 731, Colonia Centro, CP 64000 en la Ciudad de Monterrey, Estado de Nuevo León"
43071830,MONTERREY SAN NICOLAS,REGIONAL NORTE,DIRECCION DIVISIONAL NORTE,AFORE,CORPORATIVO MONTERREY PISO 3,"Doctor Coss 731, Colonia Centro, CP 64000 en la Ciudad de Monterrey, Estado de Nuevo León"
43076950,MONTERREY LAS TORRES,REGIONAL NORTE,DIRECCION DIVISIONAL NORTE,AFORE,CORPORATIVO MONTERREY PISO 3,"Doctor Coss 731, Colonia Centro, CP 64000 en la Ciudad de Monterrey, Estado de Nuevo León"
43072510,REYNOSA FRONTERA,REGIONAL NORTE,DIRECCION DIVISIONAL NORTE,AFORE,REYNOSA,"Av del Vergel n.700  Local F, Fraccionamiento Valle del Vergel Reynosa Tamaulipas CP 88730"
43072470,MONTERREY SULTANA,REGIONAL NORTE,DIRECCION DIVISIONAL NORTE,AFORE,CORPORATIVO MONTERREY PISO 3,"Doctor Coss 731, Colonia Centro, CP 64000 en la Ciudad de Monterrey, Estado de Nuevo León"
43071820,MONTERREY CUMBRES,REGIONAL NORTE,DIRECCION DIVISIONAL NORTE,AFORE,CORPORATIVO MONTERREY PISO 3,"Doctor Coss 731, Colonia Centro, CP 64000 en la Ciudad de Monterrey, Estado de Nuevo León"
43070990,MONTERREY GUADALUPE,REGIONAL NORTE,DIRECCION DIVISIONAL NORTE,AFORE,CORPORATIVO MONTERREY PISO 3,"Doctor Coss 731, Colonia Centro, CP 64000 en la Ciudad de Monterrey, Estado de Nuevo León"
43078030,MONTERREY TECNOLOGICO,REGIONAL NORTE,DIRECCION DIVISIONAL NORTE,AFORE,CORPORATIVO MONTERREY PISO 3,"Doctor Coss 731, Colonia Centro, CP 64000 en la Ciudad de Monterrey, Estado de Nuevo León"
43070910,SALTILLO,REGIONAL NORTE,DIRECCION DIVISIONAL NORTE,AFORE,SALTILLO,"Avenida San Ángel No. 240, Modulo B Primer Piso (Plaza San Angel) Fraccionamiento Rancho la Peña, CP 25210 Saltillo, Coahuila "
43078050,SALTILLO MONTERREAL,REGIONAL NORTE,DIRECCION DIVISIONAL NORTE,AFORE,SALTILLO,"Avenida San Ángel No. 240, Modulo B Primer Piso (Plaza San Angel) Fraccionamiento Rancho la Peña, CP 25210 Saltillo, Coahuila "
42008030,MONCLOVA,REGIONAL NORTE,DIRECCION DIVISIONAL NORTE,AFORE,MONCLOVA,"Blvd. Harold R Pape #910 Col. Guadalupe Monclova Coahuila, CP 25750"
43000999,REGIONAL NORTE,REGIONAL NORTE,DIRECCION DIVISIONAL NORTE,AFORE,CORPORATIVO MONTERREY PISO 3,"Doctor Coss 731, Colonia Centro, CP 64000  Monterrey,  Nuevo León"
48260500,GUADALAJARA TLAQUEPAQUE,REGIONAL OCCIDENTE,DIRECCION DIVISIONAL NORTE,AFORE,GUADALAJARA P-12," Av. Chapultepec Norte no. 15, PB, pisos 12 y 22B, col. Ladrón de Guevara, CP 44600, Guadalajara Jalisco."
48262460,EL SALTO,REGIONAL OCCIDENTE,DIRECCION DIVISIONAL NORTE,AFORE,GUADALAJARA P-12," Av. Chapultepec Norte no. 15, PB, pisos 12 y 22B, col. Ladrón de Guevara, CP 44600, Guadalajara Jalisco."
48260520,GUADALAJARA PATRIA,REGIONAL OCCIDENTE,DIRECCION DIVISIONAL NORTE,AFORE,GUADALAJARA P-12," Av. Chapultepec Norte no. 15, PB, pisos 12y 22B, col. Ladrón de Guevara, CP 44600, Guadalajara Jalisco."
48262000,GUADALAJARA CENTRO,REGIONAL OCCIDENTE,DIRECCION DIVISIONAL NORTE,AFORE,GUADALAJARA P-12," Av. Chapultepec Norte no. 15, PB, pisos 12 y 22B, col. Ladrón de Guevara, CP 44600, Guadalajara Jalisco."
48262620,GUADALAJARA TONALA,REGIONAL OCCIDENTE,DIRECCION DIVISIONAL NORTE,AFORE,GUADALAJARA P-14," Av. Chapultepec Norte no. 15, PB, pisos 14 y 22B, col. Ladrón de Guevara, CP 44600, Guadalajara Jalisco."
48262610,GUADALAJARA MINERVA,REGIONAL OCCIDENTE,DIRECCION DIVISIONAL NORTE,AFORE,GUADALAJARA P-14," Av. Chapultepec Norte no. 15, PB, pisos 12-14 y 22B, col. Ladrón de Guevara, CP 44600, Guadalajara Jalisco."
48268150,COUNTRY CLUB,REGIONAL OCCIDENTE,DIRECCION DIVISIONAL NORTE,AFORE,GUADALAJARA P-14," Av. Chapultepec Norte no. 15, PB, pisos 14 y 22B, col. Ladrón de Guevara, CP 44600, Guadalajara Jalisco."
48262650,GUADALAJARA AJIJIC,REGIONAL OCCIDENTE,DIRECCION DIVISIONAL NORTE,AFORE,GUADALAJARA P-12," Av. Chapultepec Norte no. 15, PB, pisos 12 y 22B, col. Ladrón de Guevara, CP 44600, Guadalajara Jalisco."
48262670,ARANDAS,REGIONAL OCCIDENTE,DIRECCION DIVISIONAL NORTE,AFORE,GUADALAJARA P-14," Av. Chapultepec Norte no. 15, PB, pisos 14 y 22B, col. Ladrón de Guevara, CP 44600, Guadalajara Jalisco."
48008340,CHAPALA,REGIONAL OCCIDENTE,DIRECCION DIVISIONAL NORTE,AFORE,GUADALAJARA P-14," Av. Chapultepec Norte no. 15, PB, pisos 14 y 22B, col. Ladrón de Guevara, CP 44600, Guadalajara Jalisco."
48262220,JALISCO,REGIONAL OCCIDENTE,DIRECCION DIVISIONAL NORTE,AFORE,GUADALAJARA P-14," Av. Chapultepec Norte no. 15, PB, pisos 14 y 22B, col. Ladrón de Guevara, CP 44600, Guadalajara Jalisco."
48262210,COLIMA,REGIONAL OCCIDENTE,DIRECCION DIVISIONAL NORTE,AFORE,COLIMA PB,"Vicente Guerrero 610 Local 4, col. Centro, CP 28000, Colima "
42062040,MAZATLAN,REGIONAL OCCIDENTE,DIRECCION DIVISIONAL NORTE,AFORE,MAZATLAN PB,"Av. Insurgentes y Calle Zeus #2786. Col Villas del Estereo. Cp 82156, Mazatlan"
42062050,VALLARTA,REGIONAL OCCIDENTE,DIRECCION DIVISIONAL NORTE,AFORE,PUERTO VALLARTA PB,"Local Comercial SUB-B3 Plaza Comercial PENINSULA, Francisco Median Ascencio #2485, Rio Pitillal, Zona Hotelero Norte CP 48333, Puerto Vallarta, Jalisco."
42062060,U. TEPIC,REGIONAL OCCIDENTE,DIRECCION DIVISIONAL NORTE,AFORE,TEPIC PB,"Avenida Insurgentes No. 127-A, entre las calles Padre Enrique Mejía (URES) y San Luis en la Zona Centro de la Ciudad de Tepic, Nayari CP 63000"
48000999,REGIONAL OCCIDENTE,REGIONAL OCCIDENTE,DIRECCION DIVISIONAL NORTE,AFORE,GUADALAJARA P-22," Av. Chapultepec Norte no. 15, PB, pisos 12-14 y 22B, col. Ladrón de Guevara, CP 44600, Guadalajara Jalisco."
47101101,INDEPENDENCIA,REGIONAL PENSIONES,DIRECCION REGIONAL DE NEGOCIOS DE GOBIERNO Y PENSIONES,PRESTAMOS,NUEVO CORPORATIVO TIJUANA,Paseo de los Héroes #2410 Esquina Clemente Orozco Col. Zona Rio de la Ciudad de Tijuana S/N Edificio Paseo Palmas locales 102 y 400 CP 22230
45000200,POLITECNICO,REGIONAL PENSIONES,DIRECCION REGIONAL DE NEGOCIOS DE GOBIERNO Y PENSIONES,PRESTAMOS,SALINILLAS,"Presa Salinillas # 370 Piso 9 int. 901 y 903, col. Irrigación, CP 11500, del. Miguel Hidalgo, México D.F. "
45000300,PACIFICO,REGIONAL PENSIONES,DIRECCION REGIONAL DE NEGOCIOS DE GOBIERNO Y PENSIONES,PRESTAMOS,GUADALAJARA PB,"Av. Chapultepec Norte no. 15 Piso 21 Suite 6, col. Ladrón de Guevara, CP 44600, Guadalajara Jalisco"
45000700,MONTERREY LINARES,REGIONAL PENSIONES,DIRECCION REGIONAL DE NEGOCIOS DE GOBIERNO Y PENSIONES,PRESTAMOS,CORPORATIVO MONTERREY PB,"Doctor Coss 731, Colonia Centro, CP 64000 en la Ciudad de Monterrey, Estado de Nuevo León"
45000900,LOS PINOS,REGIONAL PENSIONES,DIRECCION REGIONAL DE NEGOCIOS DE GOBIERNO Y PENSIONES,PRESTAMOS,HAMBURGO,"Hamburgo #206 Piso 1 er piso Col. Juárez, Delegación Cuauhtemoc, C.P. 06600, México, Distrito Federal. "
45000009,REGIONAL PENSIONES,REGIONAL PENSIONES,DIRECCION REGIONAL DE NEGOCIOS DE GOBIERNO Y PENSIONES,PENSIONES,VIADUCTO,"Insurgentes Sur 546 Piso 3, col. Roma Sur, CP 06760, del. Cuauhtemoc, México D.F."
41010140,VERACRUZ,REGIONAL SURESTE,DIRECCION DIVISIONAL SUR,AFORE,VERACRUZ, Bvld Adolfo Ruiz Cortinez L7 y 8 #2202 Fracc. Costa de Oro Boca del Rio Veracruz Ver. CP 94294 Edificio Bussines Center Veracruz
41010143,COSTA DEL SOL,REGIONAL SURESTE,DIRECCION DIVISIONAL SUR,AFORE,VERACRUZ, Bvld Adolfo Ruiz Cortinez L7 y 8 #2202 Fracc. Costa de Oro Boca del Rio Veracruz Ver. CP 94294 Edificio Bussines Center Veracruz
41017060,CAMPECHE,REGIONAL SURESTE,DIRECCION DIVISIONAL SUR,AFORE,CAMPECHE,"Avenida Maria Lavalle Urbina #13 Locales 201-203, Sector Fundadores, Area Ah – Kim- Pech, C.P. 24010, San Francisco de Campeche, Campeche"
41010050,TUXTLA GUTIERREZ,REGIONAL SURESTE,DIRECCION DIVISIONAL SUR,AFORE,TUXTLA,"Calle 6a Sur pte. 1248 Piso 1 Entre 11 Y 12 pte. col. La Lomita, CP 29060, Tuxtla Gutiérrez Chis. "
41010020,GRIJALVA,REGIONAL SURESTE,DIRECCION DIVISIONAL SUR,AFORE,VILLAHERMOSA,"Avenida de los ríos no 232-a 3er piso,  fracc. Tabasco 2000,  cp 86035, Villahermosa, Tabasco"
41010070,MERIDA,REGIONAL SURESTE,DIRECCION DIVISIONAL SUR,AFORE,MERIDA,"Paseo Montejo 443-A entre 29 Y 33 Frente Esc. Modelo, col. Centro, CP 97000, Mérida Yuc. "
41012540,MERIDA MONTEJO,REGIONAL SURESTE,DIRECCION DIVISIONAL SUR,AFORE,MERIDA,"Paseo Montejo 443-A entre 29 Y 33 Frente Esc. Modelo, col. Centro, CP 97000, Mérida Yuc. "
41010090,CANCUN,REGIONAL SURESTE,DIRECCION DIVISIONAL SUR,AFORE,CANCUN,"Av Tulúm 18 smzn 2 mzn 1 local  5 y 6, col. Centro, CP 77501, Cancún Quintana Roo"
41017040,TULUM,REGIONAL SURESTE,DIRECCION DIVISIONAL SUR,AFORE,CANCUN,"Av Tulúm 18 smzn 2 mzn 1 local  5 y 6, col. Centro, CP 77501, Cancún Quintana Roo"
41010160,COATZACOALCOS,REGIONAL SURESTE,DIRECCION DIVISIONAL SUR,AFORE,COATZACOALCOS,"Gutiérrez Zamora #325, Colonia Centro, C.P. 96400, Coatzacoalcos Ver. "
47102060,TLAXCALA,REGIONAL SURESTE,DIRECCION DIVISIONAL SUR,AFORE,TLAXCALA,"Blvd. Sta. Ana -Tlaxcala 194 Pza. Premier Loc 22 A 24, col. Industrial Sta. Ana Chiautempan, CP 90800, Tlaxcala Tlax. "
41016960,PUEBLA LA NORIA,REGIONAL SURESTE,DIRECCION DIVISIONAL SUR,AFORE,PUEBLA,"Blvd. Esteban de Antuñano 2702 PB, Mezzanine y  P4, Col Ampliación Reforma Sur, CP 72160, Puebla Pue."
41018342,CHOLULA,REGIONAL SURESTE,DIRECCION DIVISIONAL SUR,AFORE,PUEBLA,"Blvd. Esteban de Antuñano 2702 PB, Mezzanine y  P4, Col Ampliación Reforma Sur, CP 72160, Puebla Pue."
41018343,ATLIXCO,REGIONAL SURESTE,DIRECCION DIVISIONAL SUR,AFORE,PUEBLA,"Blvd. Esteban de Antuñano 2702 PB, Mezzanine y  P4, Col Ampliación Reforma Sur, CP 72160, Puebla Pue."
45000500,U. XALAPA,REGIONAL SURESTE,DIRECCION DIVISIONAL SUR,AFORE,XALAPA,Av de las Americas N. 296 oficinas 12 y 13 Col Maria Esther  Zuno CP 91030 Xalapa Veracruz
41016980,U. CORDOBA,REGIONAL SURESTE,DIRECCION DIVISIONAL SUR,AFORE,CORDOBA,"AVENIDA NUEVE CALLE 16 # 1600 INTERIOR 4 COL. SAN JOSE, CP. 94560"
41010091,U. COZUMEL,REGIONAL SURESTE,DIRECCION DIVISIONAL SUR,AFORE,COZUMEL,"Avenida Juárez #998 esquina Av. Norte, Col.  Adolfo López Mateos, C.P. 7766 Cozumel, Quintana Roo."
41017080,MONTE ALBAN,REGIONAL SURESTE,DIRECCION DIVISIONAL SUR,AFORE,OAXACA,"Heroico Colegio Militar # 321 B, Colonia Reforma, CP 68050, Ciudad de Oaxaca de Juárez, Oaxaca "
41010099,REGIONAL SURESTE,REGIONAL SURESTE,DIRECCION DIVISIONAL SUR,AFORE,MERIDA,"Paseo Montejo 443-A entre 29 Y 33 Frente Esc. Modelo, col. Centro, CP 97000, Mérida Yuc. "
48260330,IRAPUATO,REGIONAL CENTRO,DIRECCION DIVISIONAL NORTE,AFORE,IRAPUATO,"Prol. Av. Guerrero 2001 esq. av. 5 Edif. Byblos PB, col. Gámez, CP 36650, Irapuato Gto. "
48260310,CELAYA,REGIONAL CENTRO,DIRECCION DIVISIONAL NORTE,AFORE,CELAYA,"Blvd Adolfo López Mateos 1401 pte. col. Renacimiento, CP 38040, Celaya Gto. "
48260350,MODULO AT'N CLIENTES LEON,REGIONAL CENTRO,DIRECCION DIVISIONAL NORTE,AFORE,LEON PLANTA BAJA MODULO AT'N A CLIENTES,"Boulevard Vasco de Quiroga no. 101, esq. Blvd. Adolfo López Mateos, PLANTA BAJA, col. Los Gavilanes, CP37270, León Gto. "
48262260,BAJIO,REGIONAL CENTRO,DIRECCION DIVISIONAL NORTE,AFORE,LEON 5TO PISO,"Boulevard Vasco de Quiroga no. 101, esq. Blvd. Adolfo López Mateos, int. 508-509, col. Los Gavilanes, CP37270, León Gto. "
48260350,LEON,REGIONAL CENTRO,DIRECCION DIVISIONAL NORTE,AFORE,LEON 5TO PISO,"Boulevard Vasco de Quiroga no. 101, esq. Blvd. Adolfo López Mateos, int. 508-509, col. Los Gavilanes, CP37270, León Gto. "
48260280,MODULO AT'N CLIENTES QUERETARO,REGIONAL CENTRO,DIRECCION DIVISIONAL NORTE,AFORE,QUERETARO MODULO AT'N A CLIENTES,"Blvd. Bernardo Quintana Arrioja # 4100, Fraccionamiento Alamos 3 seccion 5 piso. CP 76160, Queretaro, Qro. Plaza Bulevares              "
48260281,CORREGIDORA,REGIONAL CENTRO,DIRECCION DIVISIONAL NORTE,AFORE,QUERETARO  ,"Blvd. Bernardo Quintana Arrioja # 4100, Fraccionamiento Alamos 3 seccion 5 piso. CP 76160, Queretaro, Qro. Plaza Bulevares              "
48262630,QUERETARO ACUEDUCTO,REGIONAL CENTRO,DIRECCION DIVISIONAL NORTE,AFORE,QUERETARO,"Blvd. Bernardo Quintana Arrioja # 4100, Fraccionamiento Alamos 3 seccion 5 piso. CP 76160, Queretaro, Qro. Plaza Bulevares              "
48260280,QUERETARO,REGIONAL CENTRO,DIRECCION DIVISIONAL NORTE,AFORE,QUERETARO,"Blvd. Bernardo Quintana Arrioja # 4100, Fraccionamiento Alamos 3 seccion 5 piso. CP 76160, Queretaro, Qro. Plaza Bulevares              "
47102590,MORELIA MONARCA,REGIONAL CENTRO,DIRECCION DIVISIONAL NORTE,AFORE,MORELIA,"Av. Camelinas No. 2139-A Lote 10, Manzana 24, col. Camelinas, CP 58290, Morelia Mich."
43072450,SAN MARCOS,REGIONAL CENTRO,DIRECCION DIVISIONAL NORTE,AFORE,AGUASCALIENTES,"Av Convenciones de 1914 Sur 1401 esq. Ayuntamiento, col. Jardines de las Fuentes, CP 20278, Aguascalientes Ags. "
48260430,AGUASCALIENTES,REGIONAL CENTRO,DIRECCION DIVISIONAL NORTE,AFORE,AGUASCALIENTES,"Av Convenciones de 1914 Sur 1401 esq. Ayuntamiento, col. Jardines de las Fuentes, CP 20278, Aguascalientes Ags. "
48262640,QUERETARO ARCOS,REGIONAL CENTRO,DIRECCION DIVISIONAL NORTE,AFORE,QUERETARO,"Blvd. Bernardo Quintana Arrioja # 4100, Fraccionamiento Alamos 3 seccion 5 piso. CP 76160, Queretaro, Qro. Plaza Bulevares              "
48262680,GUANAJUATO,REGIONAL CENTRO,DIRECCION DIVISIONAL NORTE,AFORE,LEON 5TO PISO,"Boulevard Vasco de Quiroga no. 101, esq. Blvd. Adolfo López Mateos, col. Los Gavilanes, CP37270, León Gto. "
48260470,ZACATECAS,REGIONAL CENTRO,DIRECCION DIVISIONAL NORTE,AFORE,ZACATECAS,"Calzada Héroes de Chapultepec,  Locales  4 y 5 (PLAZA SCALA)  Colonia Luis Donaldo Colosio, Zona 5, Manzana 53 CP98046, en la Ciudad de Zacatecas, Zac."
45000999,REGIONAL CENTRO,REGIONAL CENTRO,DIRECCION DIVISIONAL NORTE,AFORE,LEON 5TO PISO,"Boulevard Vasco de Quiroga no. 101, esq. Blvd. Adolfo López Mateos, int. 508-509, col. Los Gavilanes, CP37270, León Gto. "